USA,Alice Carter,123 Main St,,Seattle,Washington,98052
USA,Alice B,123 Main St,,Seattle,Washington,98052
USA,Alice Shefil,123 Main St,,Seattle,Washington,98052
USA,Alice K David,123 Main St,,Seattle,Washington,98052
USA,Alice Smooth,123 Main St,,Seattle,Washington,98052
USA,Alice John,123 Main St,,Seattle,Washington,98052
USA,Alice,123 Main St,,Seattle,Washington,98052
USA,Alice,123 Main St,,Seattle,Washington,98052
USA,Alice,456 Main St,,Seattle,Washington,98052
USA,Alice,123 Main St,,Seattle,Washington,98052
USA,Alice,123 Main St,,Seattle,Washington,98052
USA,Alice,123 Main St,,Seattle,Washington,98052
USA,Alice,123 Main St,,Seattle,Washington,98052
USA,Alice,123 Main St,,Seattle,Washington,98052
USA,Alice,123 Main St,,Seattle,Washington,98052
USA,Alice,123 Main St,,Seattle,Washington,98052
USA,Alice,123 Main St,,Seattle,Washington,98052
USA,Alice,123 Main St,,Seattle,Washington,98052
USA,Alice,123 Main St,,Seattle,Washington,98052
USA,Alice,123 Main St,,Seattle,Washington,98052
USA,Alice,123 Main St,,Seattle,Washington,98052
USA,Alice,123 Main St,,Seattle,Washington,98052
USA,Alice,123 Main St,,Seattle,Washington,98052
USA,Alice,123 Main St,,Seattle,Washington,98052
USA,Alice,123 Main St,,Seattle,Washington,98052
USA,Alice,123 Main St,,Seattle,Washington,98052
USA,Alice,123 Main St,,Seattle,Washington,98052
USA,Alice,123 Main St,,Seattle,Washington,98052
USA,Bob,456 Main Ave,,Bothell,Washington,98052
USA,Ciara,101 First St,,Redmond,Washington,98052
USA,Den,201 Second St,,Redmond,Washington,98052
USA,Elan,301 Third St,,Redmond,Washington,98052
USA,Phuong,401 First St,,Redmond,Washington,98052
USA,Blaik,501 Second St,,Redmond,Washington,98052
USA,Shia,601 Third St,,Redmond,Washington,98052
USA,Shipra,701 First St,,Redmond,Washington,98052
USA,Priya,801 Second St,,Redmond,Washington,98052
USA,Laharika,901 Third St,,Redmond,Washington,98052
USA,Krishna,111 First St,,Redmond,Washington,98052
USA,Shin,222 Second St,,Redmond,Washington,98052
USA,Sheril,333 Third St,,Redmond,Washington,98052
USA,Mary Williams,7 4th,,Kirkland,North Dakota,58122
USA,Caroline,9190 Corben,,Snohomish,Nevada,89115
USA,Sheela,677 Shoshone,,Bothell,Nevada,89125
USA,Nancy,30806 Mcguire,,Bothell,California,94627
USA,Shi Yang,44 Westerfield,,Bothell,Minnesota,55805
USA,Shang Lee,62 Pawling,,Kirkland,New Jersey,87305
USA,John David,6117 Fordem,,Kirkland,Texas,75265
USA,Vijay,43 Crowley,,West lake,Pennsylvania,19120
USA,Ajith,63 Lien,,West lake,California,94522
USA,Amy,8 Burrows,,North Sea,Virginia,23285
USA,Bernadette,272 Johnson,,Sun Rise,District of Columbia,20530
USA,Sheldon,03699 Mayfield,,Chicago,Illinois,61105
USA,Penny,99815 Grim West lake,,Corner Rhode,District of Columbia,20420
USA,Suriya,3 Wayridge,,Renton,Texas,88589
USA,Karthi,0 Heath,,Renton,Virginia,22313
USA,Kendal,5187 Jackson,,Renton,Pennsylvania,15230
USA,Tom,02830 Lindbergh,,South lake,Missouri,63143
USA,Howard,5802 Bayside,,Kansas,Michigan,48206
USA,Wolowitz,2 Talabama,,Atlantica,California,94245
USA,Leonard,35 Michiganchigan,,Atlantica,California,92878
USA,Hofstader,86 Acker,,Baltimor,Texas,76796
USA,Rajesh,57 Michiganlwaukee,, Denver,Texas,77240
USA,Alexa,991 Grasskamp,,Charlotte,Maryland,21275
USA,Alex,32 Pleasure,,Miami,Colorado,80915
USA,Ale,50 Washingtonlabamaton,,Omha,Texas,78737
USA,Bush,824 MccorMichiganck,,Boston,New Jersey,07104
USA,James,38 Hovde,,Atlantica,Caifornia,94297
USA,Thomas,90259 Rusk,,Atlantica,California,90840
USA,Brian,94218 HoArkansasd,,Rhode Island,Indiana,47732
USA,Edward,9 Washington,,Isakuwa,Ohio,44315
USA,Paul,50829 Springs,,Snohomile,Georgia,31605
USA,William,58 Longview,,Atlantica,California,95405
USA,Micheal,484 6th Green lake,,Sun View,New York,10029
USA,Richard,6639 Kinsman,,South hill,Florida,33028
USA,George,3097 TAlabamaisman,,Crater,Kansas,66617
USA,Joseph,552 HAlabamalows,,Pheonix,Colorado,80910
USA,Steven,845 Shopko,,Atlantica,California,92519
USA,Kenneth,16188 Pierstorff,,Westerfield,Texas,77218
USA,Jason,3516 Northview,,SouthMay,Maryland,20784
USA,Ronald,8 Monument,,Atlantica,California,95219
USA,Danny,03683 3rd,,Lynnwood,Texas,77255
USA,Tony,08331 Californiarkansaspenter,,Pink Bayside,Arkansas,72215
USA,Milton,80425 Dayton,,Kansas,Michigan,48126
USA,Leslie,888 Kennedy,,Green lake,New York,11355
USA,Edgar,98594 CalifornianArkansasy,,Samamish,South Dakota,57188
USA,Nathan,34848 Anderson,,Sea front,Florida,32092
USA,Dale,67540 Quincy,,Green lake,New York,10203
USA,Mike,95 GlendAlabamae,,Albuquerque,Kansas,66160
USA,Angel,959 Del Massachusettsrkansas,,Honolulu,Hawaii,96815
USA,Steffi,2 Myrtle,,Atlantica,California,92612
USA,Curtis,65468 Glacier Hill,,Portland,Florida,33320
USA,Brett,200 Johnson,,Detroit,Minnesota,55115
USA,Ben,312 Clemons,,Miami,Florida,33432
USA,Leslie,015 Washingtonrkansasner,,Chicago,Illinois,61656
USA,Angel,918 Rigney,,Atlanta,Minnesota,55551
USA,Steffi,239 Melrose,,Tulsa,Virginia,23228
USA,Ruben,602 MoniCalifornia,,Columbus,Illinois,60663
USA,David,3 Paget,,Mesa,Pennsylvania,18706
USA,Brett,3 Golf Course,,Fresno,Texas,76147
Canada,Nancy,444 Third St,,Redmond,Washington,98052
Canada,Shipra,1000 First St,,Vacouver,British Columbia,98000
Canada,Shipraxyz,1000 First St,,Vacouver,British Columbia,98000
Brazil,Laila,6590 St Thomas St,,MEP,,67890
Brazil,Johnson,4567 Saint Global St,,MEP,,67891
India,Ravi,B4 IOB Apt,Ganesh Nagar,Madurai,Tamil Nadu,625007
India,Vasanth,345 Ponmeni,Goripalayam,Madurai,Tamil Nadu,624576
India,Jothi,456 Anai St,Anna Nagar,Madurai,Tamil Nadu,625020