Address,City,State/Province,PostalCode,Country/Region
123 Main St,Seattle,Washington,98052,USA
456 Main Ave,Bothell,Washington,98052,USA
101 First St,Redmond,Washington,98052,USA
201 Second St,Redmond,Washington,98052,USA
301 Third St,Redmond,Washington,98052,USA
401 First St,Redmond,Washington,98052,USA
501 Second St,Redmond,Washington,98052,USA
601 Third St,Redmond,Washington,98052,USA
701 First St,Redmond,Washington,98052,USA
801 Second St,Redmond,Washington,98052,USA
901 Third St,Redmond,Washington,98052,USA
111 First St,Redmond,Washington,98052,USA
222 Second St,Redmond,Washington,98052,USA
333 Third St,Redmond,Washington,98052,USA
444 Third St,Redmond,Washington,98052,Canada